content,title
"[
	{""Firma"": ""ticos Engineering und Software Gesellschaft mit beschränkter Haftung"", ""Prokura"": null, ""Bemerkungen"": ""Dieses Blatt ist zur Fortführung auf EDV umgeschrieben worden und dabei an die Stelle des bisherigen Registerblattes getreten. Freigegeben am 16.11.2006. Tag der ersten Eintragung: 14.12.1993 Gesellschaftsvertrag: Sonderband Blatt 7 ff."", ""ner_results"": {""managers"": [{""functions"": [""Geschäftsführer""], ""birth_date"": null, ""entity_type"": ""person"", ""person_name"": ""Stier, Andreas"", ""city_of_birth"": ""Tengen-Blumenfeld"", ""foreign_country"": null, ""scientific_title"": null, ""signing_authority"": null}], ""signatories"": null, ""limited_partners"": null}, ""Tag der Eintragung"": ""16.11.2006 Desselmann"", ""Nummer der Eintragung"": ""1"", ""Grund- oder Stammkapital"": ""51.000,00 DEM"", ""Gegenstand des Unternehmens"": ""Herstellung und der Vertrieb von Kassierund Eintrittskontrollsystemen sowie von Leitsystemen für Gebäude- und Prozeßtechnik."", ""Sonstige Rechtsverhältnisse"": null, ""Allgemeine Vertretungsregelung"": ""Ist nur ein Geschäftsführer bestellt, vertritt er allein. Sind mehrere Geschäftsführer bestellt, vertreten zwei gemeinsam. Einzelvertretungsbefugnis kann erteilt werden. Die Geschäftsführer können von den Beschränkungen des § 181 BGB allgemein befreit werden."", ""Rechtsform, Beginn, Satzung oder Gesellschaftsvertrag"": ""Gesellschaft mit beschränkter Haftung Gesellschaftsvertrag vom 19.10.1993."", ""Sitz, Niederlassung, inländische Geschäftsanschrift, empfangsberechtigte Person, Zweigniederlassungen"": ""Tengen"", ""Vorstand, Leitungsorgan, geschäftsführende Direktoren, persönlich haftende Gesellschafter, Geschäftsführer, Vertretungsberechtigte und besondere Vertretungsbefugnis"": ""Geschäftsführer: Stier, Andreas, Techniker, Tengen-Blumenfeld""},
	{""Firma"": null, ""Prokura"": null, ""Bemerkungen"": null, ""ner_results"": {""managers"": null, ""signatories"": null, ""limited_partners"": null}, ""Tag der Eintragung"": ""21.01.2010 Gabriel"", ""Nummer der Eintragung"": ""2"", ""Grund- oder Stammkapital"": null, ""Gegenstand des Unternehmens"": null, ""Sonstige Rechtsverhältnisse"": null, ""Allgemeine Vertretungsregelung"": null, ""Rechtsform, Beginn, Satzung oder Gesellschaftsvertrag"": null, ""Sitz, Niederlassung, inländische Geschäftsanschrift, empfangsberechtigte Person, Zweigniederlassungen"": ""Gemäß § 3 EGGmbHG von Amts wegen ergänzt als Geschäftsanschrift: Am Steinbach 1, 78250 Tengen"", ""Vorstand, Leitungsorgan, geschäftsführende Direktoren, persönlich haftende Gesellschafter, Geschäftsführer, Vertretungsberechtigte und besondere Vertretungsbefugnis"": null},
	{""Firma"": null, ""Prokura"": null, ""Bemerkungen"": null, ""ner_results"": {""managers"": null, ""signatories"": null, ""limited_partners"": null}, ""Tag der Eintragung"": ""24.02.2010 Gabriel"", ""Nummer der Eintragung"": ""3"", ""Grund- oder Stammkapital"": null, ""Gegenstand des Unternehmens"": null, ""Sonstige Rechtsverhältnisse"": null, ""Allgemeine Vertretungsregelung"": null, ""Rechtsform, Beginn, Satzung oder Gesellschaftsvertrag"": null, ""Sitz, Niederlassung, inländische Geschäftsanschrift, empfangsberechtigte Person, Zweigniederlassungen"": ""Änderung der Geschäftsanschrift: Zollstraße 2A, 78250 Tengen"", ""Vorstand, Leitungsorgan, geschäftsführende Direktoren, persönlich haftende Gesellschafter, Geschäftsführer, Vertretungsberechtigte und besondere Vertretungsbefugnis"": null},
	{""Firma"": null, ""Prokura"": ""Einzelprokura: Salvisberg, Kurt, Gächlingen / Schweiz, *20.01.1954 Kübler, Nicola Rico, Siblingen / Schweiz, *31.07.1979"", ""Bemerkungen"": null, ""ner_results"": {""managers"": [{""functions"": [""Geschäftsführer""], ""birth_date"": ""31.03.1966"", ""entity_type"": ""person"", ""person_name"": ""Stangl, Rudolf"", ""city_of_birth"": ""Langwiesen"", ""foreign_country"": ""Schweiz"", ""scientific_title"": null, ""signing_authority"": null}, {""functions"": [""Nicht mehr Geschäftsführer""], ""birth_date"": null, ""entity_type"": ""person"", ""person_name"": ""Stier, Andreas"", ""city_of_birth"": ""Tengen-Blumenfeld"", ""foreign_country"": null, ""scientific_title"": null, ""signing_authority"": null}], ""signatories"": [{""function"": ""Einzelprokura"", ""birth_date"": ""20.01.1954"", ""entity_type"": ""person"", ""person_name"": ""Salvisberg, Kurt"", ""city_of_birth"": ""Gächlingen / Schweiz"", ""scientific_title"": null}, {""function"": ""Einzelprokura"", ""birth_date"": ""31.07.1979"", ""entity_type"": ""person"", ""person_name"": ""Kübler, Nicola Rico"", ""city_of_birth"": ""Siblingen / Schweiz"", ""scientific_title"": null}], ""limited_partners"": null}, ""Tag der Eintragung"": ""24.06.2016 Hürttlen"", ""Nummer der Eintragung"": ""4"", ""Grund- oder Stammkapital"": null, ""Gegenstand des Unternehmens"": null, ""Sonstige Rechtsverhältnisse"": null, ""Allgemeine Vertretungsregelung"": null, ""Rechtsform, Beginn, Satzung oder Gesellschaftsvertrag"": null, ""Sitz, Niederlassung, inländische Geschäftsanschrift, empfangsberechtigte Person, Zweigniederlassungen"": ""Änderung der Geschäftsanschrift: Am Steinbach 1, 78250 Tengen"", ""Vorstand, Leitungsorgan, geschäftsführende Direktoren, persönlich haftende Gesellschafter, Geschäftsführer, Vertretungsberechtigte und besondere Vertretungsbefugnis"": ""Bestellt als Geschäftsführer: Stangl, Rudolf, Langwiesen / Schweiz / Schweiz, *31.03.1966 Nicht mehr Geschäftsführer: Stier, Andreas, Techniker, Tengen-Blumenfeld""},
	{""Firma"": null, ""Prokura"": null, ""Bemerkungen"": null, ""ner_results"": {""managers"": null, ""signatories"": null, ""limited_partners"": null}, ""Tag der Eintragung"": ""11.07.2016 Hürttlen"", ""Nummer der Eintragung"": ""5"", ""Grund- oder Stammkapital"": null, ""Gegenstand des Unternehmens"": null, ""Sonstige Rechtsverhältnisse"": null, ""Allgemeine Vertretungsregelung"": null, ""Rechtsform, Beginn, Satzung oder Gesellschaftsvertrag"": null, ""Sitz, Niederlassung, inländische Geschäftsanschrift, empfangsberechtigte Person, Zweigniederlassungen"": ""Berichtigung von Amts wegen zur Geschäftsanschrift: Zollstraße 2 A, 78250 Tengen"", ""Vorstand, Leitungsorgan, geschäftsführende Direktoren, persönlich haftende Gesellschafter, Geschäftsführer, Vertretungsberechtigte und besondere Vertretungsbefugnis"": null},
	{""Firma"": null, ""Prokura"": ""Prokura erloschen: Salvisberg, Kurt, Gächlingen / Schweiz, *20.01.1954"", ""Bemerkungen"": null, ""ner_results"": {""managers"": [{""functions"": [""Geschäftsführer""], ""birth_date"": ""10.05.1954"", ""entity_type"": ""person"", ""person_name"": ""Henter-Besting, Eberhard Lothar Mchael"", ""city_of_birth"": ""Staad"", ""foreign_country"": ""Schweiz"", ""scientific_title"": null, ""signing_authority"": ""mit der Befugnis, im Namen der Gesellschaft mit sich im eigenen Namen oder als Vertreter eines Dritten Rechtsgeschäfte abzuschließen""}, {""functions"": [""Geschäftsführer""], ""birth_date"": ""14.10.1966"", ""entity_type"": ""person"", ""person_name"": ""Ewald, Fabian"", ""city_of_birth"": ""Märwil"", ""foreign_country"": ""Schweiz"", ""scientific_title"": null, ""signing_authority"": ""mit der Befugnis, im Namen der Gesellschaft mit sich im eigenen Namen oder als Vertreter eines Dritten Rechtsgeschäfte abzuschließen""}], ""signatories"": [{""function"": ""Prokura erloschen"", ""birth_date"": ""20.01.1954"", ""entity_type"": ""person"", ""person_name"": ""Salvisberg, Kurt"", ""city_of_birth"": ""Gächlingen / Schweiz"", ""scientific_title"": null}], ""limited_partners"": null}, ""Tag der Eintragung"": ""22.06.2017 Hürttlen"", ""Nummer der Eintragung"": ""6"", ""Grund- oder Stammkapital"": null, ""Gegenstand des Unternehmens"": null, ""Sonstige Rechtsverhältnisse"": null, ""Allgemeine Vertretungsregelung"": null, ""Rechtsform, Beginn, Satzung oder Gesellschaftsvertrag"": null, ""Sitz, Niederlassung, inländische Geschäftsanschrift, empfangsberechtigte Person, Zweigniederlassungen"": null, ""Vorstand, Leitungsorgan, geschäftsführende Direktoren, persönlich haftende Gesellschafter, Geschäftsführer, Vertretungsberechtigte und besondere Vertretungsbefugnis"": ""Bestellt als Geschäftsführer: Henter-Besting, Eberhard Lothar Mchael, Staad / Schweiz, *10.05.1954 mit der Befugnis, im Namen der Gesellschaft mit sich im eigenen Namen oder als Vertreter eines Dritten Rechtsgeschäfte abzuschließen. Bestellt als Geschäftsführer: Ewald, Fabian, Märwil / Schweiz, *14.10.1966 mit der Befugnis, im Namen der Gesellschaft mit sich im eigenen Namen oder als Vertreter eines Dritten Rechtsgeschäfte abzuschließen.""},
	{""Firma"": ""Firma geändert; nun: Ticos Systems Deutschland GmbH"", ""Prokura"": null, ""Bemerkungen"": null, ""ner_results"": {""managers"": [{""functions"": [""Nicht mehr Geschäftsführer""], ""birth_date"": ""31.03.1966"", ""entity_type"": ""person"", ""person_name"": ""Stangl, Rudolf"", ""city_of_birth"": ""Langwiesen"", ""foreign_country"": ""Schweiz"", ""scientific_title"": null, ""signing_authority"": null}], ""signatories"": null, ""limited_partners"": null}, ""Tag der Eintragung"": ""26.02.2018 Hürttlen"", ""Nummer der Eintragung"": ""7"", ""Grund- oder Stammkapital"": null, ""Gegenstand des Unternehmens"": null, ""Sonstige Rechtsverhältnisse"": null, ""Allgemeine Vertretungsregelung"": null, ""Rechtsform, Beginn, Satzung oder Gesellschaftsvertrag"": ""Die Gesellschafterversammlung vom 23.02.2018 hat die Änderung des Gesellschaftsvertrages in § 1 (Firma und Sitz der Gesellschaft) beschlossen."", ""Sitz, Niederlassung, inländische Geschäftsanschrift, empfangsberechtigte Person, Zweigniederlassungen"": ""Sitz verlegt; nun: Hilzingen Neue Geschäftsanschrift: Untere Gießwiesen 15, 78247 Hilzingen"", ""Vorstand, Leitungsorgan, geschäftsführende Direktoren, persönlich haftende Gesellschafter, Geschäftsführer, Vertretungsberechtigte und besondere Vertretungsbefugnis"": ""Nicht mehr Geschäftsführer: Stangl, Rudolf, Langwiesen / Schweiz / Schweiz, *31.03.1966""},
	{""Firma"": null, ""Prokura"": ""Prokura erloschen: Kübler, Nicola Rico, Siblingen / Schweiz, *31.07.1979 Einzelprokura: Schädler, Dennis, Volkertshausen, *26.06.1989"", ""Bemerkungen"": null, ""ner_results"": {""managers"": [{""functions"": [""Nicht mehr Geschäftsführer""], ""birth_date"": ""14.10.1966"", ""entity_type"": ""person"", ""person_name"": ""Ewald, Fabian"", ""city_of_birth"": ""Märwil"", ""foreign_country"": ""Schweiz"", ""scientific_title"": null, ""signing_authority"": null}, {""functions"": [""Nicht mehr Geschäftsführer""], ""birth_date"": ""10.05.1954"", ""entity_type"": ""person"", ""person_name"": ""Henter-Besting, Eberhard Lothar Mchael"", ""city_of_birth"": ""Staad"", ""foreign_country"": ""Schweiz"", ""scientific_title"": null, ""signing_authority"": null}, {""functions"": [""Geschäftsführer""], ""birth_date"": ""16.09.1978"", ""entity_type"": ""person"", ""person_name"": ""Schuler, Michael"", ""city_of_birth"": ""Merlischachen"", ""foreign_country"": ""Schweiz"", ""scientific_title"": null, ""signing_authority"": ""einzelvertretungsberechtigt mit der Befugnis, im Namen der Gesellschaft mit sich im eigenen Namen oder als Vertreter eines Dritten Rechtsgeschäfte abzuschließen""}], ""signatories"": [{""function"": ""Prokura erloschen"", ""birth_date"": ""31.07.1979"", ""entity_type"": ""person"", ""person_name"": ""Kübler, Nicola Rico"", ""city_of_birth"": ""Siblingen / Schweiz"", ""scientific_title"": null}, {""function"": ""Einzelprokura"", ""birth_date"": ""26.06.1989"", ""entity_type"": ""person"", ""person_name"": ""Schädler, Dennis"", ""city_of_birth"": ""Volkertshausen"", ""scientific_title"": null}], ""limited_partners"": null}, ""Tag der Eintragung"": ""04.03.2019 Hürttlen"", ""Nummer der Eintragung"": ""8"", ""Grund- oder Stammkapital"": null, ""Gegenstand des Unternehmens"": null, ""Sonstige Rechtsverhältnisse"": null, ""Allgemeine Vertretungsregelung"": null, ""Rechtsform, Beginn, Satzung oder Gesellschaftsvertrag"": null, ""Sitz, Niederlassung, inländische Geschäftsanschrift, empfangsberechtigte Person, Zweigniederlassungen"": null, ""Vorstand, Leitungsorgan, geschäftsführende Direktoren, persönlich haftende Gesellschafter, Geschäftsführer, Vertretungsberechtigte und besondere Vertretungsbefugnis"": ""Nicht mehr Geschäftsführer: Ewald, Fabian, Märwil / Schweiz, *14.10.1966 Nicht mehr Geschäftsführer: Henter-Besting, Eberhard Lothar Mchael, Staad / Schweiz, *10.05.1954 Bestellt als Geschäftsführer: Schuler, Michael, Merlischachen / Schweiz, *16.09.1978 einzelvertretungsberechtigt mit der Befugnis, im Namen der Gesellschaft mit sich im eigenen Namen oder als Vertreter eines Dritten Rechtsgeschäfte abzuschließen.""},
	{""Firma"": null, ""Prokura"": ""Einzelprokura: Russo, Mario, Singen Hohentwiel, *26.06.1986"", ""Bemerkungen"": null, ""ner_results"": {""managers"": null, ""signatories"": [{""function"": ""Einzelprokura"", ""birth_date"": ""26.06.1986"", ""entity_type"": ""person"", ""person_name"": ""Russo, Mario"", ""city_of_birth"": ""Singen Hohentwiel"", ""scientific_title"": null}], ""limited_partners"": null}, ""Tag der Eintragung"": ""22.05.2019 Hürttlen"", ""Nummer der Eintragung"": ""9"", ""Grund- oder Stammkapital"": null, ""Gegenstand des Unternehmens"": null, ""Sonstige Rechtsverhältnisse"": null, ""Allgemeine Vertretungsregelung"": null, ""Rechtsform, Beginn, Satzung oder Gesellschaftsvertrag"": null, ""Sitz, Niederlassung, inländische Geschäftsanschrift, empfangsberechtigte Person, Zweigniederlassungen"": null, ""Vorstand, Leitungsorgan, geschäftsführende Direktoren, persönlich haftende Gesellschafter, Geschäftsführer, Vertretungsberechtigte und besondere Vertretungsbefugnis"": null},
	{""Firma"": null, ""Prokura"": ""Prokura erloschen: Schädler, Dennis, Volkertshausen, *26.06.1989"", ""Bemerkungen"": null, ""ner_results"": {""managers"": null, ""signatories"": [{""function"": ""Prokura erloschen"", ""birth_date"": ""26.06.1989"", ""entity_type"": ""person"", ""person_name"": ""Schädler, Dennis"", ""city_of_birth"": ""Volkertshausen"", ""scientific_title"": null}], ""limited_partners"": null}, ""Tag der Eintragung"": ""19.12.2019 Hürttlen"", ""Nummer der Eintragung"": ""10"", ""Grund- oder Stammkapital"": null, ""Gegenstand des Unternehmens"": null, ""Sonstige Rechtsverhältnisse"": null, ""Allgemeine Vertretungsregelung"": null, ""Rechtsform, Beginn, Satzung oder Gesellschaftsvertrag"": null, ""Sitz, Niederlassung, inländische Geschäftsanschrift, empfangsberechtigte Person, Zweigniederlassungen"": null, ""Vorstand, Leitungsorgan, geschäftsführende Direktoren, persönlich haftende Gesellschafter, Geschäftsführer, Vertretungsberechtigte und besondere Vertretungsbefugnis"": null},
	{""Firma"": null, ""Prokura"": ""Gesamtprokura gemeinsam mit einem Geschäftsführer oder einem anderen Prokuristen: Russo, Mario, Singen Hohentwiel, *26.06.1986 Keller, Markus, Rudolfingen, *23.09.1970"", ""Bemerkungen"": null, ""ner_results"": {""managers"": [{""functions"": [""Geschäftsführer""], ""birth_date"": ""21.03.1994"", ""entity_type"": ""person"", ""person_name"": ""Renfer, Timon Joel"", ""city_of_birth"": ""Lengnau BE"", ""foreign_country"": ""Schweiz"", ""scientific_title"": null, ""signing_authority"": ""einzelvertretungsberechtigt mit der Befugnis, im Namen der Gesellschaft mit sich im eigenen Namen oder als Vertreter eines Dritten Rechtsgeschäfte abzuschließen""}], ""signatories"": [{""function"": ""Gesamtprokura"", ""birth_date"": ""26.06.1986"", ""entity_type"": ""person"", ""person_name"": ""Russo, Mario"", ""city_of_birth"": ""Singen Hohentwiel"", ""scientific_title"": null}, {""function"": ""Gesamtprokura"", ""birth_date"": ""23.09.1970"", ""entity_type"": ""person"", ""person_name"": ""Keller, Markus"", ""city_of_birth"": ""Rudolfingen"", ""scientific_title"": null}], ""limited_partners"": null}, ""Tag der Eintragung"": ""26.02.2021 Hürttlen"", ""Nummer der Eintragung"": ""11"", ""Grund- oder Stammkapital"": null, ""Gegenstand des Unternehmens"": null, ""Sonstige Rechtsverhältnisse"": null, ""Allgemeine Vertretungsregelung"": null, ""Rechtsform, Beginn, Satzung oder Gesellschaftsvertrag"": null, ""Sitz, Niederlassung, inländische Geschäftsanschrift, empfangsberechtigte Person, Zweigniederlassungen"": null, ""Vorstand, Leitungsorgan, geschäftsführende Direktoren, persönlich haftende Gesellschafter, Geschäftsführer, Vertretungsberechtigte und besondere Vertretungsbefugnis"": ""Bestellt als Geschäftsführer: Renfer, Timon Joel, Lengnau BE / Schweiz, *21.03.1994 einzelvertretungsberechtigt mit der Befugnis, im Namen der Gesellschaft mit sich im eigenen Namen oder als Vertreter eines Dritten Rechtsgeschäfte abzuschließen.""},
	{""Firma"": null, ""Prokura"": ""Prokura erloschen: Russo, Mario, Singen Hohentwiel, *26.06.1986"", ""Bemerkungen"": null, ""ner_results"": {""managers"": null, ""signatories"": [{""function"": ""Prokura erloschen"", ""birth_date"": ""26.06.1986"", ""entity_type"": ""person"", ""person_name"": ""Russo, Mario"", ""city_of_birth"": ""Singen Hohentwiel"", ""scientific_title"": null}], ""limited_partners"": null}, ""Tag der Eintragung"": ""01.02.2023 Hürttlen"", ""Nummer der Eintragung"": ""12"", ""Grund- oder Stammkapital"": null, ""Gegenstand des Unternehmens"": null, ""Sonstige Rechtsverhältnisse"": null, ""Allgemeine Vertretungsregelung"": null, ""Rechtsform, Beginn, Satzung oder Gesellschaftsvertrag"": null, ""Sitz, Niederlassung, inländische Geschäftsanschrift, empfangsberechtigte Person, Zweigniederlassungen"": null, ""Vorstand, Leitungsorgan, geschäftsführende Direktoren, persönlich haftende Gesellschafter, Geschäftsführer, Vertretungsberechtigte und besondere Vertretungsbefugnis"": null}
]
	
	
",chronological-excerpt.txt
"Urkundenrolle

UZ 312/2021

Notar Martin Nitz *Tel.+497731969400 *

78224 Singen (Hohentwiel), August-Ruf-Straße 26
zentrale@notar-nitz.de

Amtsgericht

- Registergericht -

Freiburg i. Br.

zum Vollzug durch den beglaubigenden Notar

HRB 541215

Ticos Systems Deutschland GmbH
mit Sitz in Hilzingen

Handelsregisteranmeldung

Als zur Vertretung berechtigte Geschäftsführer der im Betreff genannten
Gesellschaft überreichen wir in der Anlage elektronisch beglaubigte Abschrift über
die Beschlussfassungen der Gesellschaft in der Gesellschafterversammlung vom
26.02.2021.

II:     Neubestellung Geschäftsführer

Zum neuen Geschäftsführer der Gesellschaft wurde auf Grund
Gesellschafterbeschluss bestellt:

Herr Timon Joel Renfer, geb. am 21.03.1994,
wohnhaft in CH-2543 Lengnau BE, Beundenstrasse 2c

-2-

Vertretungsbefugnis

Der genannte neue Geschäftsführer der Gesellschaft ist
einzelvertretungsberechtigt und von den Beschränkungen des § 181 BGB
befreit.

Die abstrakte Vertretungsbefugnis ist im Gesellschaftsvertrag wie folgt geregelt:

„Die Gesellschaft hat einen oder mehrere Geschäftsführer. Sind mehrere
Geschäftsführer bestellt, so wird die Gesellschaft durch jeweils zwei von ihnen
gemeinschaftlich vertreten. Ist nur ein Geschäftsführer vorhanden, vertritt dieser die
Gesellschaft allein. [...]. Durch Gesellschafterbeschluß kann allen oder einzelnen
Geschäftsführern Alleinvertretungsbefugnis und Befreiung von den
Beschränkungen des § 181 BGB erteilt werden.“

Versicherungen des neuen Geschäftsführers

Von dem neu bestellten und unterzeichnenden Geschäftsführer, Herrn Timon Joel
Renfer, wird nach notarieller Belehrung über die Strafbarkeit einer falschen
Versicherung versichert, dass seiner Bestellung keine Umstände nach § 6 Abs. 2
Satz 2 Nr. 2 und 3 sowie Satz 3 GmbHG entgegenstehen, d.h.,

es erfolgte im Inland keine Verurteilung wegen einer oder mehrerer vorsätzlich
begangener Straftaten (bzw. im Ausland wegen einer mit nachstehenden Taten
vergleichbaren Straftat) wegen

•    des Unterlassens der Stellung des Antrags auf Eröffnung des Insolvenzverfahrens
(Insolvenzverschleppung),

•    nach §§ 283 bis 283d Strafgesetzbuch, wegen Bankrott, schweren Bankrott,
Verletzung der Buchführungspflicht, Gläubigerbegünstigung,
Schuldnerbegünstigung (Insolvenzstraftaten),

•    der falschen Angaben nach § 82 GmbHG oder § 399 AktG,

•    der unrichtigen Darstellung nach § 400 AktG, § 331 HGB, § 313 UmwG
oder § 17 des Publizitätsgesetzes oder

•    nach den §§ 263-264a oder den §§ 265b-266a StGB (Betrug, Computerbetrug,
Subventionsbetrug, Kapitalanlagebetrug, Kreditbetrug, Untreue, Vorenthalten und
Veruntreuen von Arbeitsentgelt) (somit explizit auch nicht nach §§ 265 c bis e;
Sportwettbetrug, Manipulation von berufssportlichen Wettbewerben, besonders
schwere Fälle des Sportwettbetrugs und der Manipulation von berufssportlichen
Wettbewerben) zu einer Freiheitsstrafe von mindestens einem Jahr.

Der Geschäftsführer versichert weiter, dass ihm weder durch gerichtliches Urteil
noch durch eine vollziehbare Entscheidung einer Verwaltungsbehörde die
Ausübung eines Berufes, Berufszweiges, Gewerbes oder Gewerbezweiges
untersagt wurde, sofern der Unternehmensgegenstand ganz oder teilweise mit dem
Gegenstand des Verbots übereinstimmt und er vom Notar auf seine unbeschränkte
Auskunftspflicht gegenüber dem Registergericht gemäß § 53 Abs. 2 BZRG
(Bundeszentralregistergesetz) belehrt worden ist.

-3-

Der Geschäftsführer versichert auch, dass für diesen weder ein rechtlicher Betreuer
bestellt ist, noch ein rechtliches Betreuungsverfahren anhängig ist, noch dass der
Geschäftsführer ganz oder teilweise einem Einwilligungsvorbehalt unterliegt.

IV:    Erteilung einer Prokura

Herrn Markus Keller,

geb. am 23.09.1970,

wohnhaft in CH-8465 Rudolfingen, Ohrenberg 13,

wurde Gesamtprokura dergestalt erteilt, als dass der Prokurist berechtigt ist, die
Gesellschaft gemeinsam mit einem Geschäftsführer oder gemeinsam mit einem
anderen Prokuristen zu vertreten.

Änderung einer Prokura

Die Prokura des

Herrn Mario Russo,

geb. am 26.06.1986,

wohnhaft in 78224 Singen (Hohentwiel), Harsenstraße 30

wurde dahingehend geändert, als dass dem vorgenannten Prokuristen
Gesamtprokura dergestalt erteilt ist, als dass der Prokurist berechtigt ist, die
Gesellschaft gemeinsam mit einem Geschäftsführer oder gemeinsam mit einem
anderen Prokuristen zu vertreten.

V.    Wir melden diese Veränderungen zur Eintragung in das Handelsregister an.

VI.    Geschäftsanschrift:

Die inländische Geschäftsanschrift der Gesellschaft gern. § 10 Abs. 1 S. 1
GmbHG lautet unverändert wie folgt:

78247 Hilzingen, Untere Gießwiesen 15

Hier befinden sich auch die Geschäftsräume der Gesellschaft.

-4 -

VII.    Vollmacht für den Vollzug:

Die Unterzeichnenden erteilen je einzeln und befreit von den Beschränkungen des
§ 181 BGB den beim beglaubigenden Notardienstansässigen Notarangestellten

Frau Stephanie Ruf

Frau Sonja D i e t m e i e r

Frau Rosemarie Benitz

Frau Christine Fischer

Frau Annika Baier

Frau Irina Bandemehr

die übertragbare, durch den Tod eines Vollmachtgebers nicht erlöschende
Vollmacht - jedoch keinen Auftrag - im Zusammenhang mit dieser Anmeldung und
ihrer Eintragung im Handelsregister jegliche Art von Erklärungen in materiell- und
verfahrensrechtlicher Form abzugeben und entgegenzunehmen, insbesondere
solche, die vom Registergericht seitens der Geschäftsführer für erforderlich erachtet
werden. Uns ist bekannt, dass jegliches Handeln der bevollmächtigten
Notarmitarbeiter unter ausdrücklichem Ausschluss einer eigenen persönlichen
Haftung im Sinne von § 179 BGB erfolgt.

VIII.    Sonstiges:

Die Kosten dieser Anmeldung und ihres Vollzugs trägt die Gesellschaft.

Der Gesellschaft ist eine Abschrift dieser Anmeldung zu erteilen.

Um Vollzugsnachricht an den Notar wird gebeten.

Singen, den 26.02.2021

(Herr Michael Schuler)

(Herr Timon Joel Renfer)

-5-

Unterschriftsbeglaubigung

Vorstehende heute vor mir vollzogene Unterschriften von

1.    Herr Michael Schuler,
geboren am 16.09.1978,
nach eigenen Angaben
wohnhaft Luzerner Straße 218 in CH-6402 MERLISCHACHEN,
ausgewiesen durch Identitätskarte der Schweiz

2.    Herr Timon Joel Renfer,
geboren am 21.03.1994,
nach eigenen Angaben
wohnhaft Beundenstrasse 2c in CH-2543 LENGNAU,
ausgewiesen durch Identitätskarte der Schweiz

beglaubige ich hiermit öffentlich.

Singen (Hohentwiel), den 26.02.2021

Hiermit beglaubige ich die Übereinstimmung der in dieser Datei enthaltenen Bilddaten (Abschrift) mit
dem mir vorliegenden Papierdokument (Urschrift).

Singen (Hohentwiel), 26.02.2021

Martin Nitz, Notar

",registration.txt
"Liste der Gesellschafter

der Firma

Ticos Systems Deutschland GmbH mit Sitz in 78247 Hilzingen

- HR B 541215 Amtsgericht Freiburg i.Br. -

Das Stammkapital der Gesellschaft beträgt insgesamt DEM 51.000,-

Gesellschafter

Geschäftsanteil (Nr.) Nennbetrag (je Anteil)

Veränderungsspalte

Ticos Systems AG                                1

mit Sitz Neuhausen am Rheinfall
eingetragen beim Handelsregisteramt
des Kantons Schaffhausen
unter der Firmennummer CHE-432.099.921
(Domiziladresse:

CH-8200 Schaffhausen, Rheinweg 6)

DEM 17.000,-

Ticos Systems AG                               2

mit Sitz Neuhausen am Rheinfall
eingetragen beim Handelsregisteramt
des Kantons Schaffhausen
unter der Firmennummer CHE-432.099.921
(Domiziladresse:

CH-8200 Schaffhausen, Rheinweg 6)

DEM 17.000,-

-2-

Ticos Systems AG

mit Sitz Neuhausen am Rheinfall

eingetragen beim Handelsregisteramt

des Kantons Schaffhausen

unter der Firmennummer CHE-432.099.921

(Domiziladresse:

CH-8200 Schaffhausen, Rheinweg 6)

DEM 17.000,-

Der prozentuale Anteil des jeweiligen Geschäftsanteils am Stammkapital beträgt:                                  33,33 %.

Die prozentuale Beteiligung des Gesellschafters Ticos Systems AG mit Sitz Neuhausen am Rheinfall
am Stammkapital beträgt insgesamt:                                                                         100 %.

Singen, den 26.02.2021

Ä/Iichael Schuler
(Geschäftsführer)

TirnomJoei Renfer
(Geschäftsführer)

Hiermit beglaubige ich die Übereinstmmung der in dieser Datei enthaltenen Bilddaten (Abschrift) mit
dem mir vorliegenden Papierdokument (Urschrift).

Singen (Hohentwiel), 26.02.2021

Martn Nitz, Notar

",shareholder-list.txt
